customer_id,recency,frequency,monetary,clv,cluster
1,49,15,947.5861236797422,5234.22529323826,3
2,71,22,1338.3411132207364,5234.22529323826,3
3,21,22,966.1661530666988,5234.22529323826,3
4,74,26,1625.6754092314923,5234.22529323826,1
5,32,22,1284.945415074181,5234.22529323826,3
6,21,21,693.4719286304787,5234.22529323826,3
7,2,26,2008.171613377549,5234.22529323826,1
8,3,32,1697.902507787141,5234.22529323826,1
9,7,25,1803.5355856926742,5234.22529323826,1
10,47,27,1667.590215317931,5234.22529323826,1
11,4,16,1601.6635106411286,5234.22529323826,3
12,175,25,1280.3836955777676,5234.22529323826,0
13,51,27,1822.6422411682606,5234.22529323826,1
14,7,31,1786.7169251894377,5234.22529323826,1
15,25,27,1303.3025126634147,5234.22529323826,1
16,138,25,1921.590034717765,5234.22529323826,0
17,4,17,1596.87922988099,5234.22529323826,3
18,3,28,2353.8440536153244,5234.22529323826,2
19,78,20,1499.924349417797,5234.22529323826,0
20,41,24,1727.2827279526869,5234.22529323826,1
21,27,33,2150.471340984677,5234.22529323826,2
22,140,23,1591.0948053659076,5234.22529323826,0
23,116,28,2382.2006495589803,5234.22529323826,2
24,179,15,1702.7544478130078,5234.22529323826,0
25,10,21,1755.2818972568566,5234.22529323826,3
26,12,27,1338.0140259263583,5234.22529323826,1
27,40,29,2208.045677906854,5234.22529323826,2
28,58,18,907.6583370449835,5234.22529323826,3
29,49,18,932.3561294113358,5234.22529323826,3
30,60,20,1638.300449902244,5234.22529323826,3
31,19,24,1435.26610737152,5234.22529323826,3
32,120,24,1573.6506235177346,5234.22529323826,0
33,10,27,2248.79890481081,5234.22529323826,1
34,53,21,1793.2250526628397,5234.22529323826,3
35,29,32,1741.772644602056,5234.22529323826,1
36,96,18,1313.7056424449938,5234.22529323826,0
37,5,20,975.2087389522843,5234.22529323826,3
38,27,33,2211.1763089420965,5234.22529323826,2
39,68,28,2649.1144466963797,5234.22529323826,2
40,15,23,1556.706303549258,5234.22529323826,3
41,23,34,2295.4190115569204,5234.22529323826,2
42,7,30,1805.4222234010774,5234.22529323826,1
43,6,23,1779.355235676492,5234.22529323826,1
44,84,23,1461.5890877929223,5234.22529323826,0
45,64,26,2295.792367833826,5234.22529323826,1
46,9,19,988.7014308671885,5234.22529323826,3
47,22,20,1519.5563230659402,5234.22529323826,3
48,7,32,2524.207381828422,5234.22529323826,2
49,3,23,1521.333230760615,5234.22529323826,3
50,31,26,2212.862875185926,5234.22529323826,1
51,48,41,2856.0952256934643,5234.22529323826,2
52,61,18,1210.6733141683965,5234.22529323826,3
53,16,27,2278.700188453069,5234.22529323826,1
54,69,28,2497.4417675375835,5234.22529323826,2
55,5,29,1636.3414921742326,5234.22529323826,1
56,1,20,1544.3632478813693,5234.22529323826,3
57,10,14,1152.2669079962318,5234.22529323826,3
58,0,23,1097.9319653088203,5234.22529323826,3
59,78,23,1799.7507530010319,5234.22529323826,0
60,10,27,1448.3654954785034,5234.22529323826,1
61,56,33,2462.1524967535634,5234.22529323826,2
62,4,22,1500.1473120947962,5234.22529323826,3
63,85,33,2068.087566829052,5234.22529323826,2
64,49,18,887.7956386572292,5234.22529323826,3
65,2,23,1316.6378037403342,5234.22529323826,3
66,15,39,2696.38179926909,5234.22529323826,2
67,14,30,2417.5661482946234,5234.22529323826,2
68,67,15,1342.2276364788377,5234.22529323826,3
69,98,19,971.6957843787138,5234.22529323826,0
70,57,18,1028.5944327619811,5234.22529323826,3
71,23,26,2124.180348445389,5234.22529323826,1
72,87,25,1379.4298827546086,5234.22529323826,0
73,74,25,1208.8559242677322,5234.22529323826,3
74,29,27,1941.0317674430742,5234.22529323826,1
75,89,28,1780.3280350731388,5234.22529323826,1
76,12,21,1717.4250708560794,5234.22529323826,3
77,1,21,1449.2621542882684,5234.22529323826,3
78,1,24,1969.8968344217296,5234.22529323826,1
79,25,19,1220.6783754091082,5234.22529323826,3
80,39,27,1842.8113948806833,5234.22529323826,1
81,11,26,1415.0385013214884,5234.22529323826,1
82,4,24,1215.041238869874,5234.22529323826,3
83,42,26,2122.88756368749,5234.22529323826,1
84,37,32,1892.8228675979458,5234.22529323826,2
85,18,25,2067.8377444405023,5234.22529323826,1
86,110,26,2130.9280777089994,5234.22529323826,0
87,48,25,1500.675738865896,5234.22529323826,1
88,148,22,913.2206543736474,5234.22529323826,0
89,12,20,1481.6186080703771,5234.22529323826,3
90,86,29,1888.7806132465746,5234.22529323826,1
91,86,23,1570.2562642460243,5234.22529323826,0
92,11,19,1740.2674193244693,5234.22529323826,3
93,0,30,2303.2877285682057,5234.22529323826,2
94,20,28,1413.2356025785798,5234.22529323826,1
95,50,25,1942.9700363191446,5234.22529323826,1
96,2,29,2175.393243019257,5234.22529323826,1
97,17,31,1907.0227785681645,5234.22529323826,1
98,8,27,2179.2757791229183,5234.22529323826,1
99,129,14,908.0812465500384,5234.22529323826,0
100,153,27,1602.3488519673153,5234.22529323826,0
101,129,19,754.4083566309059,5234.22529323826,0
102,66,27,1965.9088573143808,5234.22529323826,1
103,15,15,1367.6213929117391,5234.22529323826,3
104,80,29,1784.084761253448,5234.22529323826,1
105,17,29,2272.9069474823254,5234.22529323826,2
106,83,26,1872.4399067526444,5234.22529323826,1
107,51,35,2751.115927703748,5234.22529323826,2
108,64,19,1414.1006901193846,5234.22529323826,3
109,9,27,1742.8905508946277,5234.22529323826,1
110,36,24,1627.9948467969987,5234.22529323826,1
111,113,20,1658.3334575064202,5234.22529323826,0
112,5,29,2022.4688452520143,5234.22529323826,1
113,7,36,1952.0765987903071,5234.22529323826,2
114,115,22,1756.3002113980015,5234.22529323826,0
115,7,26,1145.048316878884,5234.22529323826,3
116,85,21,1660.801602170932,5234.22529323826,0
117,256,23,1413.168943050327,5234.22529323826,0
118,42,16,1210.2486966677095,5234.22529323826,3
119,45,22,1622.8212612634775,5234.22529323826,3
120,12,34,2244.06130264871,5234.22529323826,2
121,10,30,2386.98756621889,5234.22529323826,2
122,12,20,1604.3949536668092,5234.22529323826,3
123,21,24,2138.6768769327323,5234.22529323826,1
124,120,30,2413.4022374309898,5234.22529323826,2
125,47,24,1488.5312135188492,5234.22529323826,3
126,3,21,1186.1430865436732,5234.22529323826,3
127,1,25,2000.422431558719,5234.22529323826,1
128,129,26,2384.358903298097,5234.22529323826,0
129,60,25,1545.8521375669577,5234.22529323826,1
130,12,18,1245.974203168881,5234.22529323826,3
131,1,21,1339.7733098270116,5234.22529323826,3
132,147,18,1256.5331851996632,5234.22529323826,0
133,2,26,2275.8562621589112,5234.22529323826,1
134,2,28,2375.149651398917,5234.22529323826,2
135,70,20,1592.994661910958,5234.22529323826,3
136,127,20,1280.900677823823,5234.22529323826,0
137,30,20,1422.5070512432567,5234.22529323826,3
138,1,23,1539.488419356653,5234.22529323826,3
139,11,21,1677.1410447278238,5234.22529323826,3
140,14,26,1914.148669635753,5234.22529323826,1
141,19,31,1715.665045661544,5234.22529323826,1
142,60,31,2257.306356208019,5234.22529323826,2
143,17,18,1406.0355959906406,5234.22529323826,3
144,75,29,2250.281948067289,5234.22529323826,2
145,68,24,1721.72023998324,5234.22529323826,1
146,25,24,2408.68142145979,5234.22529323826,1
147,2,19,1501.3252359826356,5234.22529323826,3
148,117,27,1496.1137628658394,5234.22529323826,0
149,131,20,1343.798664426856,5234.22529323826,0
150,162,25,1442.0579387323007,5234.22529323826,0
151,67,18,977.999127267803,5234.22529323826,3
152,75,18,1652.3928795416748,5234.22529323826,3
153,49,25,1466.6792678627412,5234.22529323826,1
154,3,24,1835.657450995321,5234.22529323826,1
155,20,24,1695.7132307419051,5234.22529323826,1
156,7,24,1776.30364651593,5234.22529323826,1
157,41,28,1792.3743008992565,5234.22529323826,1
158,2,21,1271.8433305561523,5234.22529323826,3
159,52,21,1674.8061268989154,5234.22529323826,3
160,0,27,2454.0631064635027,5234.22529323826,2
161,74,26,1764.7089257453297,5234.22529323826,1
162,39,35,2260.439054913803,5234.22529323826,2
163,22,18,1268.6347579224464,5234.22529323826,3
164,142,18,1383.9047345406598,5234.22529323826,0
165,17,23,1319.7589863896537,5234.22529323826,3
166,13,16,1769.1541919369952,5234.22529323826,3
167,31,28,1693.5079347163871,5234.22529323826,1
168,90,24,1656.2630092461786,5234.22529323826,0
169,4,28,1713.7112432591982,5234.22529323826,1
170,70,28,1915.382244669285,5234.22529323826,1
171,34,30,1981.757609589351,5234.22529323826,1
172,28,28,1655.0844177539407,5234.22529323826,1
173,31,23,1783.7119698801994,5234.22529323826,1
174,105,31,2543.663492311997,5234.22529323826,2
175,99,23,1592.5125988684013,5234.22529323826,0
176,3,22,1345.6599325996217,5234.22529323826,3
177,20,28,2259.9360094877884,5234.22529323826,2
178,29,31,1449.287980046093,5234.22529323826,1
179,77,15,1196.5514795225038,5234.22529323826,3
180,30,16,781.1340044849069,5234.22529323826,3
181,49,22,1546.0442429185716,5234.22529323826,3
182,42,27,1809.536341195707,5234.22529323826,1
183,7,27,1769.6747192746018,5234.22529323826,1
184,30,22,2179.1901646571114,5234.22529323826,1
185,29,14,920.9944715298843,5234.22529323826,3
186,2,28,2075.6759677298246,5234.22529323826,1
187,86,24,1842.1152672664086,5234.22529323826,0
188,11,23,1841.9905950014322,5234.22529323826,1
189,6,24,1473.6562860476402,5234.22529323826,3
190,4,21,1396.7492229985692,5234.22529323826,3
191,45,34,2552.1745990121854,5234.22529323826,2
192,13,28,2062.85914153238,5234.22529323826,1
193,11,31,1814.8095115925532,5234.22529323826,1
194,32,26,1843.5227968490558,5234.22529323826,1
195,22,32,2125.2281575858296,5234.22529323826,2
196,24,19,1498.0757535001824,5234.22529323826,3
197,42,26,1758.914119259686,5234.22529323826,1
198,15,21,1668.4585572241858,5234.22529323826,3
199,12,22,1555.2065450814855,5234.22529323826,3
200,17,33,1883.1004468047847,5234.22529323826,2
201,9,42,2302.6669513746306,5234.22529323826,2
202,20,25,1753.8919933779814,5234.22529323826,1
203,1,22,1723.538333879271,5234.22529323826,1
204,15,25,1730.2150370024438,5234.22529323826,1
205,16,34,2930.808374411787,5234.22529323826,2
206,85,24,1710.600072957865,5234.22529323826,0
207,26,33,2069.8464644304186,5234.22529323826,2
208,23,30,2015.6189372183883,5234.22529323826,1
209,8,19,1455.4457767860658,5234.22529323826,3
210,5,31,1979.987185739637,5234.22529323826,1
211,4,23,1198.3874269767107,5234.22529323826,3
212,23,24,1217.450277849976,5234.22529323826,3
213,24,20,1640.8867940870484,5234.22529323826,3
214,119,32,2542.520215125759,5234.22529323826,2
215,52,25,1875.7493124259477,5234.22529323826,1
216,52,24,1216.8618407576776,5234.22529323826,3
217,129,23,1960.8045852143296,5234.22529323826,0
218,21,25,2096.584064383835,5234.22529323826,1
219,37,18,1228.7177884833745,5234.22529323826,3
220,47,14,1041.1450667946226,5234.22529323826,3
221,0,23,1618.5262807855916,5234.22529323826,1
222,131,24,1823.2074667161016,5234.22529323826,0
223,0,28,1983.895466884938,5234.22529323826,1
224,6,21,1649.0307511583353,5234.22529323826,3
225,18,26,1870.5227386612282,5234.22529323826,1
226,49,21,935.1391018378949,5234.22529323826,3
227,53,23,1706.094793714032,5234.22529323826,1
228,18,33,2572.05743386294,5234.22529323826,2
229,45,28,1390.2318740087665,5234.22529323826,1
230,4,27,2234.2681778139263,5234.22529323826,1
231,4,20,920.2715125359359,5234.22529323826,3
232,88,29,2185.813725193676,5234.22529323826,2
233,27,20,1251.1538746156202,5234.22529323826,3
234,75,18,1407.2968810212012,5234.22529323826,3
235,47,26,1602.0303329961223,5234.22529323826,1
236,12,25,1299.0163685521004,5234.22529323826,3
237,33,23,1324.4182854066034,5234.22529323826,3
238,41,34,3142.158495698238,5234.22529323826,2
239,9,29,1789.5174559802308,5234.22529323826,1
240,21,20,999.2689193353584,5234.22529323826,3
241,20,19,877.499178219451,5234.22529323826,3
242,17,35,2067.3158114682283,5234.22529323826,2
243,65,24,1819.559123063602,5234.22529323826,1
244,80,26,1799.6517447533142,5234.22529323826,1
245,32,25,1397.3717059700264,5234.22529323826,3
246,70,19,1105.838378930364,5234.22529323826,3
247,15,31,1695.0309990991582,5234.22529323826,1
248,31,18,816.2937481369734,5234.22529323826,3
249,10,21,1243.6352972007235,5234.22529323826,3
250,25,30,1819.9854162078666,5234.22529323826,1
251,7,27,1818.5916949745285,5234.22529323826,1
252,44,23,1286.130808897481,5234.22529323826,3
253,40,29,1885.945833097318,5234.22529323826,1
254,137,15,543.6445704981437,5234.22529323826,0
255,71,25,1919.8961629955365,5234.22529323826,1
256,145,26,1536.9756803157543,5234.22529323826,0
257,63,22,1423.018432666424,5234.22529323826,3
258,102,25,1546.1318910651596,5234.22529323826,0
259,53,15,1148.0988956360945,5234.22529323826,3
260,10,21,930.7660229302819,5234.22529323826,3
261,60,28,2181.24893439169,5234.22529323826,2
262,57,34,1974.1686722247211,5234.22529323826,2
263,210,36,1947.7461265195732,5234.22529323826,0
264,83,23,1235.8472386749015,5234.22529323826,0
265,11,21,1914.9305641551757,5234.22529323826,1
266,230,23,2204.085437830263,5234.22529323826,0
267,75,23,1457.6981184202161,5234.22529323826,0
268,34,26,1854.3215424900138,5234.22529323826,1
269,77,23,1111.3804034076707,5234.22529323826,3
270,8,30,1719.3965555903121,5234.22529323826,1
271,45,27,2155.9586621870644,5234.22529323826,1
272,46,29,1831.9803977749661,5234.22529323826,1
273,5,24,1943.5286024491784,5234.22529323826,1
274,95,23,1148.4102157266504,5234.22529323826,0
275,52,24,1703.81694964277,5234.22529323826,1
276,14,21,1777.5064798633282,5234.22529323826,3
277,50,23,1712.4938380271606,5234.22529323826,1
278,27,20,1082.7538149356478,5234.22529323826,3
279,2,24,1251.1104538209593,5234.22529323826,3
280,7,27,1358.3079108891466,5234.22529323826,1
281,64,28,2030.901173998735,5234.22529323826,1
282,66,20,1561.5654850732042,5234.22529323826,3
283,28,27,1786.9013577868488,5234.22529323826,1
284,12,27,2015.1931877871646,5234.22529323826,1
285,96,21,1718.32873175158,5234.22529323826,0
286,17,18,1471.0629356907366,5234.22529323826,3
287,14,16,1140.4800614704045,5234.22529323826,3
288,16,27,2165.983009952401,5234.22529323826,1
289,36,31,2553.8823225645333,5234.22529323826,2
290,47,23,1670.860747780219,5234.22529323826,1
291,5,22,1528.3301553806605,5234.22529323826,3
292,31,20,1258.973816424265,5234.22529323826,3
293,54,27,1377.3479967512008,5234.22529323826,1
294,25,25,1486.5218343301929,5234.22529323826,1
295,29,28,2141.672957782046,5234.22529323826,1
296,47,33,2026.7403824645867,5234.22529323826,2
297,78,26,1617.619635732329,5234.22529323826,1
298,14,28,2302.102252508803,5234.22529323826,2
299,2,28,2052.6767248758206,5234.22529323826,1
300,39,34,2560.872891299829,5234.22529323826,2
301,80,24,1972.212356133299,5234.22529323826,1
302,8,19,1317.7995468319527,5234.22529323826,3
303,33,28,2177.764410851257,5234.22529323826,1
304,53,32,2387.350507181069,5234.22529323826,2
305,17,24,2064.087661662515,5234.22529323826,1
306,31,26,1632.1208433024356,5234.22529323826,1
307,87,34,2609.91855814201,5234.22529323826,2
308,9,30,1477.696860261298,5234.22529323826,1
309,0,27,2021.6130110706745,5234.22529323826,1
310,40,27,2119.2646792353853,5234.22529323826,1
311,8,23,1258.7691943546688,5234.22529323826,3
312,80,21,1710.617892173462,5234.22529323826,0
313,5,30,1598.5340351191135,5234.22529323826,1
314,46,29,2701.517466838257,5234.22529323826,2
315,45,23,1497.2523835351128,5234.22529323826,3
316,25,23,987.9228980969486,5234.22529323826,3
317,42,27,1538.260088012967,5234.22529323826,1
318,65,33,2401.6548868993323,5234.22529323826,2
319,83,26,1649.9671181507517,5234.22529323826,0
320,22,25,2143.8929074708512,5234.22529323826,1
321,41,37,2484.3904720383325,5234.22529323826,2
322,6,30,2506.2124637753786,5234.22529323826,2
323,18,22,1233.776718971413,5234.22529323826,3
324,74,29,1911.4834795009767,5234.22529323826,1
325,11,20,1837.7601192688928,5234.22529323826,3
326,90,27,1807.3181413156237,5234.22529323826,0
327,19,20,1281.0617600083513,5234.22529323826,3
328,157,20,1391.1552579195977,5234.22529323826,0
329,3,34,2407.9358077350544,5234.22529323826,2
330,0,28,2209.4895429672297,5234.22529323826,1
331,67,23,1803.3789176966477,5234.22529323826,1
332,0,25,1663.5980570507493,5234.22529323826,1
333,8,24,1773.8397979786323,5234.22529323826,1
334,53,29,1825.7148143526679,5234.22529323826,1
335,8,24,1590.9281440671607,5234.22529323826,1
336,24,33,2130.4122769054015,5234.22529323826,2
337,23,24,2383.8989427755196,5234.22529323826,1
338,35,29,1727.8669784414653,5234.22529323826,1
339,118,23,1207.8571883498082,5234.22529323826,0
340,3,27,2406.983737432571,5234.22529323826,2
341,15,26,1916.0947071549901,5234.22529323826,1
342,40,20,899.9483201103053,5234.22529323826,3
343,8,25,2112.7000397210513,5234.22529323826,1
344,38,13,757.5995113474138,5234.22529323826,3
345,56,35,2446.6199339409227,5234.22529323826,2
346,169,22,1620.6658708888813,5234.22529323826,0
347,43,28,2410.2060100577064,5234.22529323826,2
348,45,25,1925.950573575528,5234.22529323826,1
349,11,24,1477.393309298113,5234.22529323826,3
350,87,24,1510.3819312308983,5234.22529323826,0
351,38,24,1138.871532462217,5234.22529323826,3
352,28,24,1914.4007172321237,5234.22529323826,1
353,4,25,1334.251180953752,5234.22529323826,3
354,42,23,2156.3307505917646,5234.22529323826,1
355,90,19,1498.1641783591779,5234.22529323826,0
356,24,36,1978.1193691334613,5234.22529323826,2
357,33,25,1992.650329891628,5234.22529323826,1
358,3,38,2383.1770544520678,5234.22529323826,2
359,42,21,1269.224331189935,5234.22529323826,3
360,5,21,1830.1673410557053,5234.22529323826,1
361,6,20,1295.3679690306933,5234.22529323826,3
362,23,24,1224.0313022652697,5234.22529323826,3
363,168,19,1333.8590919801704,5234.22529323826,0
364,125,21,1590.4632635595738,5234.22529323826,0
365,42,29,2249.404044380775,5234.22529323826,2
366,25,17,626.6575419893985,5234.22529323826,3
367,8,20,1319.6559816776096,5234.22529323826,3
368,5,23,1245.802544986011,5234.22529323826,3
369,160,29,1651.6329260471894,5234.22529323826,0
370,19,40,2694.416168376404,5234.22529323826,2
371,25,29,1934.5749182957627,5234.22529323826,1
372,69,22,1676.1229015422487,5234.22529323826,3
373,41,25,1590.134806333078,5234.22529323826,1
374,28,26,1975.6748203997643,5234.22529323826,1
375,78,20,1716.670668701831,5234.22529323826,0
376,96,21,1536.2496498642424,5234.22529323826,0
377,50,33,2299.8191105624155,5234.22529323826,2
378,15,26,1963.8955817552007,5234.22529323826,1
379,93,27,2102.0449529725047,5234.22529323826,1
380,92,21,1474.7754166919744,5234.22529323826,0
381,2,26,1802.9231878055177,5234.22529323826,1
382,191,33,2799.605357726513,5234.22529323826,2
383,15,22,1728.1685946981863,5234.22529323826,1
384,136,26,1837.665282960626,5234.22529323826,0
385,25,28,2515.6171974870713,5234.22529323826,2
386,23,23,1047.8690784095152,5234.22529323826,3
387,29,26,1546.08241001623,5234.22529323826,1
388,17,31,2305.9654269613716,5234.22529323826,2
389,17,20,1710.731064792447,5234.22529323826,3
390,75,28,1594.6932561973117,5234.22529323826,1
391,5,24,1496.6121358339126,5234.22529323826,1
392,84,36,2552.7532165944945,5234.22529323826,2
393,7,28,1946.8535522431196,5234.22529323826,1
394,15,20,1395.0786418505827,5234.22529323826,3
395,46,30,1934.137614638687,5234.22529323826,1
396,3,23,1632.0274021349594,5234.22529323826,1
397,15,26,2164.888834360347,5234.22529323826,1
398,2,24,1568.8041465620574,5234.22529323826,1
399,83,26,2200.6922435500815,5234.22529323826,1
400,14,26,1734.61370180907,5234.22529323826,1
401,0,26,1904.4718261700812,5234.22529323826,1
402,16,19,1101.9937679641655,5234.22529323826,3
403,38,21,1242.5227458213333,5234.22529323826,3
404,60,18,1595.7234802263408,5234.22529323826,3
405,0,28,1999.4082418972193,5234.22529323826,1
406,11,26,1746.4638653607515,5234.22529323826,1
407,53,28,2170.350687756967,5234.22529323826,2
408,24,23,999.3631417251969,5234.22529323826,3
409,42,22,1538.0471594657774,5234.22529323826,3
410,87,20,1615.8798383447584,5234.22529323826,0
411,0,24,1129.9242688594031,5234.22529323826,3
412,22,34,2431.184557316665,5234.22529323826,2
413,165,22,1163.9518553881092,5234.22529323826,0
414,10,26,1349.8431501324906,5234.22529323826,1
415,51,29,1571.9931652602497,5234.22529323826,1
416,10,18,1342.4206969909478,5234.22529323826,3
417,68,19,871.1880655667198,5234.22529323826,3
418,7,35,2959.728228484761,5234.22529323826,2
419,27,24,1408.7611571765929,5234.22529323826,3
420,31,20,1563.7639540016532,5234.22529323826,3
421,16,22,1354.9249060970906,5234.22529323826,3
422,9,33,2145.9704742278436,5234.22529323826,2
423,61,25,1573.3022689617821,5234.22529323826,1
424,50,18,1317.8075347767967,5234.22529323826,3
425,80,24,1360.8765643863492,5234.22529323826,0
426,8,24,1444.0815009312507,5234.22529323826,3
427,13,35,2831.7592062078734,5234.22529323826,2
428,133,22,1631.1000416140448,5234.22529323826,0
429,97,30,2334.95262347426,5234.22529323826,2
430,37,21,1831.7813560715852,5234.22529323826,1
431,82,22,1424.2521334460237,5234.22529323826,0
432,90,34,2003.916726413349,5234.22529323826,2
433,39,21,1983.5641064187516,5234.22529323826,1
434,40,30,2052.7938883243028,5234.22529323826,2
435,35,36,3009.9896069579695,5234.22529323826,2
436,49,27,2450.6105081394235,5234.22529323826,2
437,53,27,2270.012122895008,5234.22529323826,2
438,54,19,1051.9655560639185,5234.22529323826,3
439,20,25,2032.414387666348,5234.22529323826,1
440,17,33,3002.334243243674,5234.22529323826,2
441,8,28,1571.2334937475043,5234.22529323826,1
442,3,24,2148.2143948427342,5234.22529323826,1
443,169,35,2485.95833456154,5234.22529323826,2
444,11,22,1044.7617869815815,5234.22529323826,3
445,29,19,1565.16819245207,5234.22529323826,3
446,15,19,1242.756543749669,5234.22529323826,3
447,79,29,1985.9894807566327,5234.22529323826,1
448,10,19,985.5555633575134,5234.22529323826,3
449,9,33,2571.926114000085,5234.22529323826,2
450,3,20,1404.3641532978704,5234.22529323826,3
451,26,23,1436.822796311451,5234.22529323826,3
452,43,21,1613.7161285232844,5234.22529323826,3
453,3,23,1533.1117453184875,5234.22529323826,3
454,26,32,1506.3164443374374,5234.22529323826,1
455,11,37,2149.3936022435196,5234.22529323826,2
456,165,28,1433.5428175764669,5234.22529323826,0
457,13,26,1831.943720173361,5234.22529323826,1
458,87,25,1738.862647754931,5234.22529323826,0
459,1,19,1374.5931073143015,5234.22529323826,3
460,5,28,1971.5743820691464,5234.22529323826,1
461,0,33,2917.025335698075,5234.22529323826,2
462,52,23,1658.795212187687,5234.22529323826,1
463,3,21,1110.7505108522237,5234.22529323826,3
464,64,32,2536.7090521592118,5234.22529323826,2
465,25,27,1544.148533569727,5234.22529323826,1
466,94,22,1196.550943059035,5234.22529323826,0
467,1,24,1494.349786895053,5234.22529323826,1
468,151,28,1835.6632904218634,5234.22529323826,0
469,3,30,2870.8498812321122,5234.22529323826,2
470,12,21,1558.710613627184,5234.22529323826,3
471,32,26,1412.9045171498663,5234.22529323826,1
472,5,14,1030.9577218275413,5234.22529323826,3
473,2,22,1250.2789588877984,5234.22529323826,3
474,8,28,1926.629446307121,5234.22529323826,1
475,12,24,1423.2005054120407,5234.22529323826,3
476,8,23,1446.9800300215027,5234.22529323826,3
477,51,22,1212.1866780728406,5234.22529323826,3
478,0,34,2462.26576357542,5234.22529323826,2
479,55,27,1535.8727021986338,5234.22529323826,1
480,41,33,1922.2143787464177,5234.22529323826,2
481,28,21,1515.109836011673,5234.22529323826,3
482,20,24,1715.3089315251843,5234.22529323826,1
483,0,31,2284.0312892182374,5234.22529323826,2
484,10,25,1616.5753925281715,5234.22529323826,1
485,43,26,2198.810819351871,5234.22529323826,1
486,19,24,1599.272548338461,5234.22529323826,1
487,0,29,1870.935349126955,5234.22529323826,1
488,6,29,2073.0004676537483,5234.22529323826,1
489,61,19,951.4771602197478,5234.22529323826,3
490,131,19,1378.4025588549525,5234.22529323826,0
491,123,26,2143.8208664696217,5234.22529323826,0
492,7,18,949.2473923046066,5234.22529323826,3
493,17,19,1310.6439934063071,5234.22529323826,3
494,0,32,2295.7670866054555,5234.22529323826,2
495,69,33,2042.1446712497402,5234.22529323826,2
496,72,35,3184.013433688876,5234.22529323826,2
497,6,23,1187.6276646142542,5234.22529323826,3
498,43,27,1424.6936802435334,5234.22529323826,1
499,136,28,1372.2483411202584,5234.22529323826,0
500,21,26,1517.2977820055419,5234.22529323826,1
501,21,14,744.9266682912361,5234.22529323826,3
502,9,26,1959.2875165836754,5234.22529323826,1
503,12,32,2459.259810509516,5234.22529323826,2
504,27,20,1373.4039429783736,5234.22529323826,3
505,55,25,2121.4589247909626,5234.22529323826,1
506,87,19,1179.5866432556977,5234.22529323826,0
507,98,25,1716.5974339734846,5234.22529323826,0
508,17,23,2006.3408965813273,5234.22529323826,1
509,87,25,1971.090563848381,5234.22529323826,0
510,3,30,1897.8573159978937,5234.22529323826,1
511,8,28,2344.2573767692807,5234.22529323826,2
512,59,21,1883.07843568319,5234.22529323826,1
513,69,22,1671.7239386889028,5234.22529323826,3
514,47,25,1973.3854491101745,5234.22529323826,1
515,64,16,932.6930028512198,5234.22529323826,3
516,30,22,1401.2754161494695,5234.22529323826,3
517,12,27,1863.4405610105139,5234.22529323826,1
518,8,36,2557.5086832757015,5234.22529323826,2
519,35,29,2106.9241432522595,5234.22529323826,1
520,157,21,1268.2850501744354,5234.22529323826,0
521,4,24,1566.1988755896493,5234.22529323826,1
522,31,21,1397.1223016372526,5234.22529323826,3
523,11,26,2235.8400749714,5234.22529323826,1
524,185,19,1503.548866661451,5234.22529323826,0
525,16,23,1713.512944758605,5234.22529323826,1
526,53,37,3078.0955441406736,5234.22529323826,2
527,8,28,2031.5044120714101,5234.22529323826,1
528,105,24,1410.4444436444728,5234.22529323826,0
529,28,34,1961.0634549141762,5234.22529323826,2
530,40,22,1929.52179244397,5234.22529323826,1
531,22,30,1564.4442130692917,5234.22529323826,1
532,87,26,1949.804119107765,5234.22529323826,1
533,8,24,1623.1160262755698,5234.22529323826,1
534,28,22,1488.1571575336084,5234.22529323826,3
535,126,18,626.8580661325277,5234.22529323826,0
536,1,26,1373.148021332645,5234.22529323826,1
537,11,25,1788.8806673348608,5234.22529323826,1
538,13,19,1759.6218357472778,5234.22529323826,3
539,12,28,2032.1709554001773,5234.22529323826,1
540,6,25,1753.263493680893,5234.22529323826,1
541,156,29,3008.6593615641873,5234.22529323826,2
542,127,28,1864.48102078302,5234.22529323826,0
543,151,27,1746.8516626738146,5234.22529323826,0
544,108,26,1503.4040077081509,5234.22529323826,0
545,122,19,1850.6371123677086,5234.22529323826,0
546,49,27,1456.7590554628064,5234.22529323826,1
547,39,21,1396.961453002255,5234.22529323826,3
548,24,19,1550.5491612277572,5234.22529323826,3
549,10,32,2107.863573886169,5234.22529323826,2
550,55,30,2210.791158783141,5234.22529323826,2
551,11,23,1506.2588223626226,5234.22529323826,3
552,1,32,2275.9705732708785,5234.22529323826,2
553,112,21,932.04527042444,5234.22529323826,0
554,7,22,1628.2766234164517,5234.22529323826,3
555,37,16,1541.5647897437327,5234.22529323826,3
556,12,29,2061.312697916919,5234.22529323826,1
557,32,21,1245.7084937101042,5234.22529323826,3
558,73,18,1102.574411214658,5234.22529323826,3
559,23,21,1543.7485733595402,5234.22529323826,3
560,18,30,2171.9090064190545,5234.22529323826,2
561,29,19,903.9030167811796,5234.22529323826,3
562,0,23,1853.796316001424,5234.22529323826,1
563,39,23,1366.138525750691,5234.22529323826,3
564,17,28,1707.07613629638,5234.22529323826,1
565,25,28,1931.1059373148014,5234.22529323826,1
566,51,22,1607.5549707135078,5234.22529323826,3
567,3,19,1277.2979951041912,5234.22529323826,3
568,55,24,1556.704435561061,5234.22529323826,1
569,52,24,1310.2583510030931,5234.22529323826,3
570,5,29,1619.5378739077503,5234.22529323826,1
571,26,28,1919.2436228114739,5234.22529323826,1
572,50,15,1023.7806548990983,5234.22529323826,3
573,16,21,1729.1484779064735,5234.22529323826,3
574,43,25,2278.998194718373,5234.22529323826,1
575,47,25,1455.9016230728816,5234.22529323826,1
576,128,29,1866.6745319542617,5234.22529323826,0
577,38,19,1369.3948044107897,5234.22529323826,3
578,37,22,2427.229851742561,5234.22529323826,1
579,0,22,1091.2447744758233,5234.22529323826,3
580,9,22,1660.7388156961722,5234.22529323826,3
581,49,24,1455.4975933685002,5234.22529323826,3
582,136,28,1734.2303054332197,5234.22529323826,0
583,27,34,2304.45780315951,5234.22529323826,2
584,37,31,2302.4553342222234,5234.22529323826,2
585,54,21,701.9615081426276,5234.22529323826,3
586,89,35,2277.238750245868,5234.22529323826,2
587,0,18,1935.2508231240472,5234.22529323826,3
588,26,25,1634.8603952979377,5234.22529323826,1
589,32,33,2597.8354081695616,5234.22529323826,2
590,82,26,1755.5913119441234,5234.22529323826,1
591,13,29,1843.986515861011,5234.22529323826,1
592,116,14,672.0380646159165,5234.22529323826,0
593,164,29,2074.1622179470214,5234.22529323826,0
594,8,25,1642.6555394002182,5234.22529323826,1
595,2,25,2044.359670611202,5234.22529323826,1
596,79,32,2582.436613301474,5234.22529323826,2
597,0,30,2675.1955576482223,5234.22529323826,2
598,3,29,2544.334300433917,5234.22529323826,2
599,89,12,1004.8404463213698,5234.22529323826,3
600,22,26,1895.053130592259,5234.22529323826,1
601,29,32,2022.4814699703124,5234.22529323826,2
602,0,32,2097.6606727452086,5234.22529323826,2
603,1,27,2098.052784758946,5234.22529323826,1
604,19,27,2545.579509644991,5234.22529323826,2
605,42,26,1340.4014606336245,5234.22529323826,1
606,57,27,2179.9861477260097,5234.22529323826,1
607,31,23,1524.2280776015239,5234.22529323826,3
608,40,31,2231.3420947320565,5234.22529323826,2
609,84,24,1431.6101372745104,5234.22529323826,0
610,30,24,1594.8048866670815,5234.22529323826,1
611,2,26,1905.8621206625928,5234.22529323826,1
612,74,18,1059.8805371311323,5234.22529323826,3
613,47,21,1354.6402460477655,5234.22529323826,3
614,38,23,1719.5066013018547,5234.22529323826,1
615,6,32,2343.7607974351963,5234.22529323826,2
616,46,21,1698.7350412229216,5234.22529323826,3
617,21,26,1971.8780806498853,5234.22529323826,1
618,97,25,1438.4416686498787,5234.22529323826,0
619,51,26,2174.365655952733,5234.22529323826,1
620,20,22,1351.2870026538578,5234.22529323826,3
621,141,23,1276.6870322289235,5234.22529323826,0
622,10,22,1732.9868922662245,5234.22529323826,1
623,72,30,1682.9641604364174,5234.22529323826,1
624,18,26,1213.7136604682275,5234.22529323826,3
625,96,11,1094.6692477969425,5234.22529323826,3
626,3,26,2032.7890358839588,5234.22529323826,1
627,1,31,2873.758519578376,5234.22529323826,2
628,3,22,960.8446751290181,5234.22529323826,3
629,10,26,1872.167262823588,5234.22529323826,1
630,22,25,2233.3478418002887,5234.22529323826,1
631,132,22,1093.2857452269734,5234.22529323826,0
632,1,21,1276.0621537380337,5234.22529323826,3
633,21,22,1940.1019108962173,5234.22529323826,1
634,6,27,1635.5029780292653,5234.22529323826,1
635,45,27,1640.0255076441922,5234.22529323826,1
636,36,21,1123.339771874072,5234.22529323826,3
637,10,37,2594.519054107869,5234.22529323826,2
638,3,17,871.2146146000433,5234.22529323826,3
639,86,37,2876.859209446333,5234.22529323826,2
640,25,18,1280.413074801098,5234.22529323826,3
641,34,34,2215.456991284679,5234.22529323826,2
642,50,20,1028.0661387516227,5234.22529323826,3
643,41,24,1910.7430590340243,5234.22529323826,1
644,34,18,2001.6751294315347,5234.22529323826,3
645,56,24,1154.1897599221234,5234.22529323826,3
646,118,31,1888.0949479505834,5234.22529323826,0
647,14,29,1587.931321808359,5234.22529323826,1
648,39,16,829.3552401574159,5234.22529323826,3
649,118,15,998.2727553443685,5234.22529323826,0
650,12,26,1902.0705174075665,5234.22529323826,1
651,0,32,2022.3211991307162,5234.22529323826,2
652,16,22,1726.3850490434909,5234.22529323826,1
653,47,25,1363.6084989488727,5234.22529323826,3
654,12,35,2762.2606335795804,5234.22529323826,2
655,133,23,1826.8194600719794,5234.22529323826,0
656,25,27,1787.002633995635,5234.22529323826,1
657,10,36,2383.1631698086435,5234.22529323826,2
658,17,23,1639.3526306956546,5234.22529323826,1
659,16,33,1890.9098251545408,5234.22529323826,2
660,107,16,1257.5764114664717,5234.22529323826,0
661,82,30,2141.5343934272205,5234.22529323826,2
662,49,33,1890.6443002175845,5234.22529323826,2
663,32,27,1653.6781817765277,5234.22529323826,1
664,86,27,2273.7781286452714,5234.22529323826,2
665,28,28,1696.8123435318112,5234.22529323826,1
666,104,23,1398.871048698863,5234.22529323826,0
667,41,26,2012.7303050643598,5234.22529323826,1
668,72,31,1885.9647446852957,5234.22529323826,2
669,16,25,2179.5962186493316,5234.22529323826,1
670,52,18,1032.0255124837327,5234.22529323826,3
671,118,15,977.1958977981556,5234.22529323826,0
672,34,19,1482.9848983877498,5234.22529323826,3
673,129,15,1431.615819569526,5234.22529323826,0
674,36,22,1700.729827226067,5234.22529323826,1
675,5,18,1438.1899055659344,5234.22529323826,3
676,95,28,2031.4826601418586,5234.22529323826,1
677,147,29,2352.939290448106,5234.22529323826,0
678,21,26,1731.0615125254187,5234.22529323826,1
679,65,23,1711.8910836075522,5234.22529323826,1
680,116,18,1259.2333036618475,5234.22529323826,0
681,13,27,1449.8262027974295,5234.22529323826,1
682,30,32,2433.523458237343,5234.22529323826,2
683,32,22,1821.9418910211157,5234.22529323826,1
684,70,34,2132.3579530086176,5234.22529323826,2
685,18,25,2102.9324355547838,5234.22529323826,1
686,30,24,1931.8017181462053,5234.22529323826,1
687,53,20,1770.8310892735776,5234.22529323826,3
688,0,28,1703.4290298976152,5234.22529323826,1
689,172,22,1528.787472925558,5234.22529323826,0
690,18,16,1422.045956013921,5234.22529323826,3
691,91,31,2214.3808814243553,5234.22529323826,2
692,9,23,1449.8028378659167,5234.22529323826,3
693,0,30,2272.119841209231,5234.22529323826,2
694,84,28,1682.5095952932015,5234.22529323826,1
695,48,18,1456.8370943981774,5234.22529323826,3
696,80,29,2629.708477757739,5234.22529323826,2
697,9,21,1108.1916142209882,5234.22529323826,3
698,78,24,1353.9295722675984,5234.22529323826,0
699,12,30,2505.436929050825,5234.22529323826,2
700,75,21,1521.2728650351028,5234.22529323826,3
701,3,30,1366.6869314688865,5234.22529323826,1
702,126,28,2046.9698365606298,5234.22529323826,0
703,73,23,2055.274924363958,5234.22529323826,1
704,4,35,2643.923955988079,5234.22529323826,2
705,171,13,1441.570871009624,5234.22529323826,0
706,10,22,1295.6642535146636,5234.22529323826,3
707,55,32,2083.819074025168,5234.22529323826,2
708,15,30,2214.033282997019,5234.22529323826,2
709,43,28,2490.924321086315,5234.22529323826,2
710,9,28,1764.277971056728,5234.22529323826,1
711,73,23,2413.5585542661347,5234.22529323826,1
712,11,28,2658.479205214248,5234.22529323826,2
713,92,21,1252.9858285402402,5234.22529323826,0
714,9,27,1662.6517567323876,5234.22529323826,1
715,49,34,2424.2461495746375,5234.22529323826,2
716,168,18,1419.5019903733876,5234.22529323826,0
717,7,26,1700.2595766390773,5234.22529323826,1
718,4,23,2464.1280315230215,5234.22529323826,1
719,2,31,2141.7160068238004,5234.22529323826,2
720,59,23,1631.7830963210909,5234.22529323826,1
721,40,22,1492.3189809175522,5234.22529323826,3
722,8,28,2131.0979831719374,5234.22529323826,1
723,10,24,1494.0559255920853,5234.22529323826,1
724,39,23,1488.372959683827,5234.22529323826,3
725,98,21,1797.7679174914729,5234.22529323826,0
726,240,20,1582.551162543127,5234.22529323826,0
727,105,26,2404.9814737708825,5234.22529323826,2
728,87,25,1618.5441906573174,5234.22529323826,0
729,114,25,1656.6983063877205,5234.22529323826,0
730,29,36,2715.2611168499325,5234.22529323826,2
731,102,21,1207.4388160062522,5234.22529323826,0
732,74,17,1069.155983747315,5234.22529323826,3
733,14,30,2059.8941320793765,5234.22529323826,1
734,10,28,2359.547112153773,5234.22529323826,2
735,41,24,1451.0707366937654,5234.22529323826,3
736,11,26,1825.0047175993468,5234.22529323826,1
737,56,27,1900.8830319658405,5234.22529323826,1
738,31,26,1978.048412754275,5234.22529323826,1
739,21,26,2099.995030864805,5234.22529323826,1
740,18,30,2371.94524141153,5234.22529323826,2
741,33,27,2050.0254426914394,5234.22529323826,1
742,36,29,1921.2804834047959,5234.22529323826,1
743,26,29,1867.3931468793437,5234.22529323826,1
744,36,23,2020.3654531180482,5234.22529323826,1
745,2,25,2322.02359082424,5234.22529323826,1
746,34,27,1881.1221766226847,5234.22529323826,1
747,84,26,2177.2652550318767,5234.22529323826,1
748,146,24,1932.6334059148476,5234.22529323826,0
749,110,22,2124.108635440314,5234.22529323826,0
750,7,23,1376.8670135521536,5234.22529323826,3
751,27,16,667.7034307999244,5234.22529323826,3
752,96,27,1818.4116914992535,5234.22529323826,0
753,48,20,1458.5303987044106,5234.22529323826,3
754,17,21,1112.7681259970348,5234.22529323826,3
755,35,25,1965.3348998268098,5234.22529323826,1
756,25,23,1854.8470145352449,5234.22529323826,1
757,4,25,1811.4573746237438,5234.22529323826,1
758,49,32,2477.03458801564,5234.22529323826,2
759,14,33,2596.70812108007,5234.22529323826,2
760,28,37,2832.291703859332,5234.22529323826,2
761,17,22,1421.2079216764068,5234.22529323826,3
762,271,23,1289.8297074854809,5234.22529323826,0
763,4,26,2190.8748298823907,5234.22529323826,1
764,15,34,2269.9533321045888,5234.22529323826,2
765,0,29,1715.6127663795125,5234.22529323826,1
766,44,29,1059.0712518755138,5234.22529323826,1
767,24,24,1583.9236908927717,5234.22529323826,1
768,45,25,1076.6060054350373,5234.22529323826,3
769,3,31,2587.48732691734,5234.22529323826,2
770,35,32,1752.200322563326,5234.22529323826,1
771,56,21,1096.910606452606,5234.22529323826,3
772,44,20,1053.132082858099,5234.22529323826,3
773,39,27,1954.3616380449976,5234.22529323826,1
774,133,17,1659.0445326903264,5234.22529323826,0
775,48,32,1701.9305964483547,5234.22529323826,1
776,2,30,2239.6450623456803,5234.22529323826,2
777,51,23,1651.4334476365666,5234.22529323826,1
778,9,28,1378.6562781575983,5234.22529323826,1
779,100,27,2729.8802440382365,5234.22529323826,2
780,64,25,2196.942828221327,5234.22529323826,1
781,10,22,1775.6756037252503,5234.22529323826,1
782,31,22,1791.2563462391363,5234.22529323826,1
783,43,22,947.395713619995,5234.22529323826,3
784,32,20,1197.5572334328333,5234.22529323826,3
785,95,21,2087.79174732924,5234.22529323826,0
786,23,23,1887.039529747765,5234.22529323826,1
787,0,30,2269.629679858306,5234.22529323826,2
788,33,21,969.2273499135698,5234.22529323826,3
789,15,35,2656.377969153722,5234.22529323826,2
790,72,23,1293.978728284409,5234.22529323826,3
791,4,29,1629.4012271415006,5234.22529323826,1
792,18,24,1694.0168734249341,5234.22529323826,1
793,67,28,2549.2233543931306,5234.22529323826,2
794,45,27,1945.5769552594202,5234.22529323826,1
795,21,29,2265.32935066239,5234.22529323826,2
796,77,17,1393.5392379159011,5234.22529323826,3
797,24,22,1592.8707881489195,5234.22529323826,3
798,117,29,1897.3430898263562,5234.22529323826,0
799,14,34,2043.908787268943,5234.22529323826,2
800,19,22,1860.5786991565133,5234.22529323826,1
801,24,24,1960.729505688506,5234.22529323826,1
802,79,22,1402.5862173853095,5234.22529323826,0
803,25,22,1358.263606682397,5234.22529323826,3
804,30,24,1683.2362911625828,5234.22529323826,1
805,19,22,1720.558167835347,5234.22529323826,1
806,209,19,1498.4931521129695,5234.22529323826,0
807,58,20,1641.1736653764292,5234.22529323826,3
808,141,19,2041.5223485006843,5234.22529323826,0
809,8,22,1537.135835212513,5234.22529323826,3
810,44,29,2093.0172878082876,5234.22529323826,1
811,61,22,1669.894749649615,5234.22529323826,3
812,7,31,2316.391195393171,5234.22529323826,2
813,18,32,2262.950701307214,5234.22529323826,2
814,2,15,973.5115791757455,5234.22529323826,3
815,26,35,2214.775475141987,5234.22529323826,2
816,4,19,1254.9977788552728,5234.22529323826,3
817,2,34,2595.7340728321797,5234.22529323826,2
818,6,19,1206.6267997066418,5234.22529323826,3
819,31,18,1425.9709307876308,5234.22529323826,3
820,16,25,1763.7228731994492,5234.22529323826,1
821,26,26,1432.971981020905,5234.22529323826,1
822,41,31,1925.5795805493208,5234.22529323826,1
823,6,24,1078.967722815334,5234.22529323826,3
824,25,30,1531.3503787293628,5234.22529323826,1
825,11,16,1105.4146467435562,5234.22529323826,3
826,80,21,1530.0293228752234,5234.22529323826,0
827,87,23,1157.9024146254264,5234.22529323826,0
828,56,25,2108.1809415997623,5234.22529323826,1
829,33,23,1327.383553244087,5234.22529323826,3
830,9,23,1305.4037443517875,5234.22529323826,3
831,7,26,1875.5870753239035,5234.22529323826,1
832,160,15,657.6102906701532,5234.22529323826,0
833,48,29,2277.0256773607125,5234.22529323826,2
834,45,28,1757.8928734567191,5234.22529323826,1
835,24,18,909.6931166663262,5234.22529323826,3
836,3,24,1797.3370006827154,5234.22529323826,1
837,48,26,2123.379315544151,5234.22529323826,1
838,6,30,2184.633598258306,5234.22529323826,2
839,28,21,1527.914983801628,5234.22529323826,3
840,41,25,1687.1167475118275,5234.22529323826,1
841,25,29,2170.0692410630045,5234.22529323826,2
842,21,28,1870.4991307689031,5234.22529323826,1
843,56,24,1579.9444468431561,5234.22529323826,1
844,56,21,1475.6623941007535,5234.22529323826,3
845,49,21,1238.9478493404308,5234.22529323826,3
846,12,22,1750.922227287767,5234.22529323826,1
847,61,31,2025.4966482085792,5234.22529323826,2
848,29,21,939.7091604095561,5234.22529323826,3
849,6,26,1790.5427431048843,5234.22529323826,1
850,25,19,1593.1448687847987,5234.22529323826,3
851,75,29,1207.4878571090053,5234.22529323826,1
852,16,19,1209.1721698241306,5234.22529323826,3
853,69,30,2961.138969620104,5234.22529323826,2
854,216,28,2128.2827901720952,5234.22529323826,0
855,172,19,1505.300110665828,5234.22529323826,0
856,60,20,1076.7556245225499,5234.22529323826,3
857,128,28,2366.5961576927034,5234.22529323826,0
858,28,13,1183.3320835271008,5234.22529323826,3
859,73,35,2373.6220018788217,5234.22529323826,2
860,58,29,2746.154334462419,5234.22529323826,2
861,49,27,2588.0206257991345,5234.22529323826,2
862,56,31,2369.726341935599,5234.22529323826,2
863,18,22,1320.5437540057617,5234.22529323826,3
864,99,22,1731.2010392833831,5234.22529323826,0
865,70,27,1550.0195922521384,5234.22529323826,1
866,50,27,1855.1431218463067,5234.22529323826,1
867,24,22,1566.2467712611706,5234.22529323826,3
868,30,18,2025.9810703896565,5234.22529323826,3
869,32,29,1702.3093047968964,5234.22529323826,1
870,26,32,2876.0835825245945,5234.22529323826,2
871,26,31,2114.7851757502945,5234.22529323826,2
872,29,31,1862.8203772333113,5234.22529323826,1
873,97,18,1112.9361910581065,5234.22529323826,0
874,53,17,1121.9086441581037,5234.22529323826,3
875,19,18,1487.1640271954855,5234.22529323826,3
876,7,33,2527.525182744437,5234.22529323826,2
877,12,27,1932.5055474734334,5234.22529323826,1
878,31,23,1475.6161945363424,5234.22529323826,3
879,19,23,1553.890756480213,5234.22529323826,3
880,41,26,1742.889848369609,5234.22529323826,1
881,25,19,1605.1239755985,5234.22529323826,3
882,35,23,1659.56792050515,5234.22529323826,1
883,8,28,1844.7660819389844,5234.22529323826,1
884,2,29,2133.4632499836216,5234.22529323826,1
885,30,29,2428.400331728183,5234.22529323826,2
886,86,24,1568.799723659113,5234.22529323826,0
887,126,26,2150.7387533215683,5234.22529323826,0
888,61,27,1421.6773818950899,5234.22529323826,1
889,78,20,1670.9117614309753,5234.22529323826,0
890,6,25,2207.0521967503487,5234.22529323826,1
891,72,27,1932.9773533943855,5234.22529323826,1
892,111,16,925.6868046737293,5234.22529323826,0
893,2,23,1347.4075638958861,5234.22529323826,3
894,142,26,1865.3843205424732,5234.22529323826,0
895,33,33,2467.533753081205,5234.22529323826,2
896,3,25,2442.4032098608263,5234.22529323826,1
897,231,21,1465.8540823194,5234.22529323826,0
898,44,25,1510.9018524669123,5234.22529323826,1
899,52,28,2182.7674278381405,5234.22529323826,2
900,168,15,957.7450768132617,5234.22529323826,0
901,5,23,1447.1454528035536,5234.22529323826,3
902,24,33,2234.6321775354318,5234.22529323826,2
903,27,20,1417.1376808186644,5234.22529323826,3
904,39,22,2092.2041747624407,5234.22529323826,1
905,23,27,1492.891135839697,5234.22529323826,1
906,63,23,1523.6359492834067,5234.22529323826,3
907,3,26,2431.077067043694,5234.22529323826,1
908,41,31,2226.684152015249,5234.22529323826,2
909,10,31,1982.4735351419197,5234.22529323826,1
910,62,40,2529.8946395698085,5234.22529323826,2
911,27,22,2072.5576931265805,5234.22529323826,1
912,33,21,1562.6609536087205,5234.22529323826,3
913,24,16,915.3825758668645,5234.22529323826,3
914,27,32,2242.5729978902887,5234.22529323826,2
915,34,25,1826.8118141069892,5234.22529323826,1
916,25,29,1378.0745238513257,5234.22529323826,1
917,1,29,1966.2552028057075,5234.22529323826,1
918,91,21,1297.1018474077857,5234.22529323826,0
919,63,22,1984.29858946352,5234.22529323826,1
920,11,27,1356.3573643491964,5234.22529323826,1
921,8,29,1803.5683384606048,5234.22529323826,1
922,16,27,2129.0848973841926,5234.22529323826,1
923,9,20,1307.9439482292719,5234.22529323826,3
924,45,21,1721.7175927874068,5234.22529323826,3
925,14,21,1083.8614350676382,5234.22529323826,3
926,185,20,1702.3327020816366,5234.22529323826,0
927,103,28,2215.4631502503717,5234.22529323826,2
928,10,20,1095.793849841607,5234.22529323826,3
929,43,35,2522.3745125441237,5234.22529323826,2
930,5,26,1441.2811949160775,5234.22529323826,1
931,34,23,1946.3790306110184,5234.22529323826,1
932,8,19,1158.7310545580724,5234.22529323826,3
933,54,28,1645.5738161188463,5234.22529323826,1
934,5,24,1505.6005749417307,5234.22529323826,1
935,1,37,2391.7937167945556,5234.22529323826,2
936,13,25,2273.6732145387077,5234.22529323826,1
937,50,24,1213.4115241458449,5234.22529323826,3
938,50,27,2762.594325013571,5234.22529323826,2
939,3,22,1848.4142868367749,5234.22529323826,1
940,41,23,1858.302580499648,5234.22529323826,1
941,14,28,1449.2840589546875,5234.22529323826,1
942,24,30,1999.7724612718762,5234.22529323826,1
943,53,30,3056.590515080461,5234.22529323826,2
944,50,27,1563.2056971394386,5234.22529323826,1
945,104,27,2394.4470864099226,5234.22529323826,2
946,86,34,2412.42010013212,5234.22529323826,2
947,82,17,1843.192556797247,5234.22529323826,0
948,38,27,1794.1036486638582,5234.22529323826,1
949,10,26,1523.9881464731704,5234.22529323826,1
950,3,26,1916.1998989622005,5234.22529323826,1
951,49,21,989.0626084336661,5234.22529323826,3
952,13,31,1819.3168876652749,5234.22529323826,1
953,4,27,2177.890700389353,5234.22529323826,1
954,15,24,1194.1834593589847,5234.22529323826,3
955,8,26,2144.865669714228,5234.22529323826,1
956,7,25,1773.7062741451016,5234.22529323826,1
957,59,14,856.5586248236477,5234.22529323826,3
958,81,18,1117.9792422035302,5234.22529323826,3
959,47,28,2002.9403100982477,5234.22529323826,1
960,34,20,1574.0831926961403,5234.22529323826,3
961,12,21,1029.6278486106899,5234.22529323826,3
962,10,29,2054.7888358566283,5234.22529323826,1
963,5,21,1413.0573096656371,5234.22529323826,3
964,66,18,1514.481888257263,5234.22529323826,3
965,30,36,3349.942978350583,5234.22529323826,2
966,21,23,1836.729352395139,5234.22529323826,1
967,137,17,996.2537373976422,5234.22529323826,0
968,91,22,1693.8207497432857,5234.22529323826,0
969,61,21,1494.1713280837464,5234.22529323826,3
970,263,17,1018.7888948685234,5234.22529323826,0
971,43,24,1361.377443675192,5234.22529323826,3
972,102,19,917.2901675763035,5234.22529323826,0
973,36,21,2071.04730188518,5234.22529323826,1
974,146,23,1869.078609196574,5234.22529323826,0
975,15,22,1358.0593467641875,5234.22529323826,3
976,10,25,1439.3380285097742,5234.22529323826,1
977,25,28,1774.4278852681464,5234.22529323826,1
978,43,28,1489.1288777891727,5234.22529323826,1
979,12,14,1189.6080096508197,5234.22529323826,3
980,11,26,1614.2458840756751,5234.22529323826,1
981,89,20,1653.9856304875536,5234.22529323826,0
982,50,24,1488.9353016201565,5234.22529323826,3
983,64,28,2194.9432101427174,5234.22529323826,2
984,21,23,1881.5841775842287,5234.22529323826,1
985,3,29,2227.126504400328,5234.22529323826,2
986,33,23,1531.5495547609924,5234.22529323826,3
987,26,25,1560.8591058634477,5234.22529323826,1
988,11,31,2196.751315051219,5234.22529323826,2
989,15,24,2172.9289002783935,5234.22529323826,1
990,27,26,2527.468669379123,5234.22529323826,2
991,75,23,1830.77286859114,5234.22529323826,1
992,97,20,1463.3162025076085,5234.22529323826,0
993,41,35,1768.3601721577586,5234.22529323826,2
994,48,24,2135.71180903095,5234.22529323826,1
995,45,24,1339.5587666633123,5234.22529323826,3
996,89,16,1244.292604967186,5234.22529323826,0
997,6,28,1619.8232261687176,5234.22529323826,1
998,35,24,1680.03800038988,5234.22529323826,1
999,4,29,2181.884669480323,5234.22529323826,1
1000,4,32,1522.6221640011318,5234.22529323826,1
